platform,cost,revenue,profit,conversions,impressions,clicks,ROI,ROAS,conversion_rate,avg_cpa
Facebook,6000.0,111552.78,20449.4705,768,9060,768,240.8245083333333,18.59213,100.0,7.8125
Google,6000.0,93594.79000000001,15530.3947,579,7740,579,158.8399116666667,15.599131666666668,100.0,10.362694300518134
Instagram,6000.0,146408.35,22111.375900000003,934,8580,934,268.5229316666667,24.40139166666667,100.0,6.423982869379015
LinkedIn,6000.0,128870.47,21525.207300000002,548,7020,548,258.75345500000003,21.478411666666666,100.0,10.94890510948905
